File,Average Accuracy (Refactored),Average Accuracy (Optimized),Average Runtime Improvement (Refactored),Average Runtime Improvement (Optimized),Average ESLint Change Percentage,Average Closure Change Percentage
gemini_results_temp_0/gemini-1.5-flash_REFACTOR_V3_results.csv,0.8610933510933512,0.8871014867485455,1.1498737867298272,1.200048413870342,-9.588610825045889,6.994735819735822
gemini_results_temp_0/gemini-1.5-pro_CODE_GEN_V1_results.csv,0.8898408258408259,0.9071014867485455,1.0274035526200338,1.1640004392253203,-8.983822698358658,8.194735819735822
gemini_results_temp_0/gemini-1.5-flash_CODE_GEN_V1_results.csv,0.8564930624930625,0.8871014867485455,1.07485857526587,1.1788651893942108,-0.7472931127458815,10.569735819735822
gemini_results_temp_0/gemini-1.5-flash_REFACTOR_V2_results.csv,0.854951936951937,0.8871014867485455,1.1670350023433473,1.201161291508175,-12.796646142137858,8.586402486402488
gemini_results_temp_0/gemini-1.5-flash_REFACTOR_V5_results.csv,0.8610933510933512,0.8871014867485455,1.1567581571380217,1.1957331114293968,-10.060558979599085,10.186402486402487
gemini_results_temp_0/gemini-1.5-flash_REFACTOR_V1_results.csv,0.8610933510933512,0.8871014867485455,1.1686226191382503,1.206620021604543,-10.032781201821306,10.186402486402487
