File,Average Accuracy (Refactored),Average Accuracy (Optimized),Average Runtime Improvement (Refactored),Average Runtime Improvement (Optimized),Average ESLint Change Percentage,Average Closure Change Percentage
openai_results_temp_0/PROMPT_REFACTOR_V2_gpt-4-turbo.csv,0.8659418359418359,0.8871014867485455,1.1342790126835067,1.1928641709197745,-18.81067369459488,5.319735819735821
openai_results_temp_0/CODE_GEN_V1_gpt-4-turbo.csv,0.8496709956709957,0.8871014867485455,0.973753593700494,1.1830885268716185,-13.535696113660615,4.553069153069154
openai_results_temp_0/PROMPT_REFACTOR_V3_gpt-4-turbo.csv,0.8794771894771896,0.8871014867485455,1.0993636390024033,1.1765795014412481,-14.416607800146771,7.053069153069156
openai_results_temp_0/CODE_GEN_V1_gpt-3.5-turbo.csv,0.8209577089577089,0.8871014867485455,1.3564117842999823,1.175613523735371,-36.67926499171794,-46.76478243978243
openai_results_temp_0/CODE_REFACTOR_V1_gpt-3.5-turbo.csv,0.8901914751914751,0.8871014867485455,1.1076935069074623,1.177860461781584,-11.240298212279635,-23.968006993006995
openai_results_temp_0/PROMPT_REFACTOR_V1_gpt-4-turbo.csv,0.8794771894771896,0.8871014867485455,1.1136286295084223,1.1873223264602708,-15.810225352739653,8.353069153069157
openai_results_temp_0/CODE_REFACTOR_V2_gpt-3.5-turbo.csv,0.8564122544122544,0.8871014867485455,1.1628044756589109,1.2210940379168331,-13.64835036006242,-19.584673659673662
openai_results_temp_0/CODE_REFACTOR_V3_gpt-3.5-turbo.csv,0.8952867132867133,0.8871014867485455,1.1627342628254342,1.1989101819645074,-8.414742862916238,-21.330827505827507
